pl_name,pl_mass,pl_mass_err1,pl_mass_err2,pl_rad,pl_rad_err1,pl_rad_err2,pl_instell,pl_orbital_period,pl_semi_major_axis,pl_eccentricity,pl_teq,st_age,st_age_upper,st_age_lower,st_mass,st_mass_err1,st_mass_err2,st_teff,st_teff_err1,st_teff_err2,st_met,st_met_err1,st_met_err2,pl_zbulk,pl_zbulk_err,pl_zbulk_rel,pl_zbulk_rel_err,pl_mbulk,pl_mbulk_err,R_mod,R_mod_err1,R_mod_err2,M_mod,M_mod_err1,M_mod_err2,age_mod,age_mod_err1,age_mod_err2,Tint_mod,Tint_mod_err1,Tint_mod_err2,CMF_mod,CMF_mod_err1,CMF_mod_err2,Zp_mod,Zp_mod_err,Zp_rel,Zp_rel_err,Mz_mod_obs,Mz_mod_obs_err,Mz_mod_mod,Mz_mod_mod_err,st_met_exp_err
CoRoT-10 b,2.73,0.14,0.14,0.97,0.07,0.07,45614227.90792104,13.2406,0.1055,0.524,669.6753595,3.0,3.0,0.0,0.89,0.05,0.05,5075.0,75.0,75.0,0.26,0.07,0.07,0.1266850657253731,0.051133914,4.972758694530868,2.0071554014213224,109.90348008845471,44.757535515105296,0.976945,0.061655000000000015,0.07137419999999994,2.6729,0.08549200000000035,0.1163839999999996,1.53,0.8671440000000004,0.5570788,251.40499999999997,44.434199999999976,40.92499999999998,0.351355,0.15299260000000003,0.14619339999999997,0.36043603,0.15085070359999997,14.1481664925695,6.345269726670103,312.9089350842,131.93897153609987,306.364209738666,128.91246627663867,
CoRoT-20 b,4.23,0.26,0.25,0.84,0.04,0.04,187874113.50901172,9.24285,0.0901,0.575,954.0166922,0.1,0.9,0.06,1.14,0.08,0.08,5880.0,90.0,90.0,0.14,0.12,0.12,,,,,,,,,,,,,,,,,,,,,,,,,,,,,,
CoRoT-30 b,2.9,0.22,0.22,1.009,0.076,0.076,145277568.05862153,9.06005,0.0844,0.007,894.620566,3.0,6.7,0.6000000000000001,0.98,0.03,0.05,5650.0,100.0,100.0,0.02,0.1,0.1,0.1054002522226751,0.0551012810052321,7.189747102674578,3.75866534573432,97.13827995074386,51.431040952652445,,,,,,,,,,,,,,,,,,,,,,,,
CoRoT-8 b,0.22,0.03,0.03,0.57,0.02,0.02,122000631.6,6.21229,0.063,0.0,856.4061102,3.0,,,0.88,0.04,0.04,5080.0,80.0,80.0,0.3,0.1,0.1,0.6860142757161503,0.03302342,24.558685505356728,1.1822083050338847,48.07123382607031,7.526465452,0.571465,0.019545000000000035,0.019845,0.219915,0.02826500000000004,0.028434999999999988,2.7412,0.9691000000000005,0.6111,104.495,10.625,10.055000000000007,0.77804,0.02856000000000003,0.028999999999999915,0.7811474399999999,0.028593999999999897,27.964366036330404,6.519891570187785,54.649074902399995,7.7159726389056535,54.62796048709679,7.340992656968659,
CoRoT-9 b,0.826,0.083,0.083,1.037,0.082,0.082,6689434.930349798,95.2738,0.4027,0.0,414.4160776,6.0,9.0,3.0,0.96,0.08,0.08,5625.0,80.0,80.0,-0.01,0.06,0.06,0.1006381818619534,0.081775812,7.355881875,5.9771868052438615,26.76207263356162,22.09936506227877,0.96598,0.0295200000000001,0.05664999999999998,0.82674,0.08618999999999999,0.07672000000000001,5.6856,2.4096320000000064,1.787516000000001,88.166,6.489000000000004,7.313999999999993,0.087334,0.101986,0.058451320000000015,0.100111324,0.10055819599999999,7.3173725926534345,7.419232199616314,26.296041252432,26.545257951282608,26.31959944919568,26.5790958889897,
HAT-P-12 b,0.2110100692259282,0.012001259,-0.012001259,0.9597321428571428,0.029017857,-0.020982143,190143199.65591723,3.2130598,0.0384,0.0,956.8843174,2.5,4.5,0.5,0.73,0.02,-0.02,4650.0,60.0,-60.0,-0.29,0.05,-0.05,0.085457623,0.053713971,11.902077440928958,7.480992630067097,5.729717639251472,3.616119413915568,0.9688,0.022179599999999966,0.02244999999999997,0.21084,0.011809600000000003,0.011669999999999986,1.3357,1.5091800000000002,0.8032788000000001,86.69149999999999,26.758100000000027,16.296419999999998,0.135415,0.07297220000000004,0.08309424000000001,0.14751919000000002,0.08193092064000003,20.545678284441507,11.653486033568795,9.89871496910881,5.52641489634957,9.890736834232802,5.5210975584715545,
HAT-P-15 b,1.940183134,0.3000283196979232,-0.30002832,1.060892857142857,0.070089286,-0.070089286,145921066.2749269,10.8635,0.095994768,0.19,895.6095916,6.5,9.3,4.9,1.0,0.23,-0.23,5568.0,90.0,-90.0,0.22,,,0.076287641,0.052219342,3.2834178026237373,2.247518930709695,47.70047284,33.96188080326759,1.0119,0.04069999999999996,0.061450000000000005,1.9432,0.3228,0.24530000000000007,7.2964,3.1066000000000003,1.6131000000000002,107.82,9.260000000000005,11.350999999999999,0.11133,0.12952160000000035,0.068634,0.12377138,0.1277082976000003,5.32711653576086,5.496561352865505,76.36424777543377,79.67323848482388,76.482989505888,79.93196261146808,0.0
HAT-P-17 b,0.5800547514159848,0.060005664,-0.060005664,1.0508035714285715,0.04,-0.04,81751723.10185856,10.33852,0.092566042,0.35,774.8425581,7.8,11.1,4.5,0.99,0.15,-0.15,5246.0,80.0,-80.0,0.0,,,0.0309273668738294,0.0278486117937221,2.2090976338449604,1.9891865566944396,5.916560933636634,5.435340096414061,0.98193,0.01312000000000002,0.019608799999999982,0.58859,0.06093880000000007,0.06304759999999998,6.91425,2.5216020000000006,1.5293700000000001,71.717,4.89876000000001,6.235439999999997,0.039831000000000005,0.04031144000000002,0.022124320000000006,0.053273366,0.03974707984000002,3.8052404285714285,2.839077131428573,9.826667164966844,7.4017817481870605,9.971262217072919,7.515806185522391,0.0
HAT-P-18 b,0.1970106985525487,0.013001888,-0.013001888,0.9958035714285716,0.052053571,-0.052053571,116868630.28071591,5.508023,0.0559,0.084,847.2541914,12.4,16.8,6.0,0.77,0.03,-0.03,4803.0,80.0,-80.0,0.1,0.08,-0.08,0.043452453,0.0382168122982966,2.465393599944296,2.1683352178353683,2.7211915125143817,2.4053556752974097,0.927465,0.016895400000000005,0.02181539999999993,0.19681,0.01257999999999998,0.013190000000000007,8.5577,3.0282999999999998,2.1110240000000005,49.096,4.641520000000007,4.630519999999997,0.0636195,0.06257130000000002,0.03938342,0.076728827,0.06169530180000002,4.353419550241056,3.5911350905379753,4.807015138431276,3.8781711459499815,4.8021181405146605,3.874625373289459,
HAT-P-20 b,7.22,0.36,0.36,1.025,0.053,0.053,195817874.5755826,2.87531694,0.03593,0.0172,963.9451455,6.7,12.4,2.9000000000000004,0.74,0.04,0.04,4595.0,45.0,45.0,0.22,0.09,0.09,0.020175721,0.0114885069149391,0.8683624200147986,0.4944649979484385,46.38160167837152,26.52676326592588,,,,,,,,,,,,,,,,,,,,,,,,
HAT-P-54 b,0.7600717432347388,0.032003021,-0.032003021,0.9447321428571428,0.028035714,-0.028035714,102374304.95151591,3.799847,0.04117,0.074,819.6661099,3.9,8.2,1.7999999999999998,0.65,0.02,-0.02,4390.0,50.0,-50.0,-0.127,0.08,-0.08,0.130674098764701,0.053163768,12.50436026896173,5.087304286068048,31.610682257932712,13.021154252067983,0.94319,0.02871760000000012,0.028179999999999983,0.76057,0.031850000000000045,0.03193999999999997,3.6062,2.615044000000004,1.0612759999999999,95.8695,12.980499999999992,11.872060000000005,0.17308,0.05126320000000012,0.051137600000000005,0.18465688,0.05054551520000014,17.67003695062917,5.829999537278574,44.63208758484037,12.360683214167954,44.6613456644688,12.36803716772693,
HATS-17 b,1.3381263058527375,0.065006136,-0.065006136,0.7775892857142858,0.056071429,-0.056071429,99109144.60966384,16.254611,0.1308,0.029,813.0507774,2.1,3.4000000000000004,0.8,1.13,0.03,-0.03,5846.0,78.0,-78.0,0.3,0.03,-0.03,0.4249361086431213,0.057647455,15.212325197084574,2.063726332775463,180.5528131402861,26.112444862718164,0.785495,0.05720139999999996,0.05348420000000009,1.3361,0.06506400000000001,0.06520000000000015,1.9833500000000002,0.9126499999999997,0.5843500000000001,200.35,26.92640000000003,26.789999999999992,0.60778,0.10053000000000001,0.11243120000000001,0.61327108,0.11085716319999994,21.954545432057827,4.2484871382901375,260.9616643958165,48.84623579377789,260.566493816184,48.78709465485038,
HATS-22 b,2.740258653241032,0.1100103838892385,-0.110010384,0.95375,0.048035714,-0.029017857,122495019.45850097,4.7228124,0.05025,0.079,857.2724067,,,,0.76,0.02,-0.02,4803.0,55.0,-55.0,0.0,0.04,-0.04,0.1472417133672045,0.038853038,10.517265240514613,2.775217021234161,128.15769565431478,34.29155543727297,,,,,,,,,,,,,,,,,,,,,,,,
HATS-47 b,0.369,0.031,0.021,1.117,0.014,0.014,121483921.8851889,3.9228038,0.04269,0.088,855.4978815,8.1,11.0,3.8,0.67,0.02,0.01,4512.0,19.0,19.0,-0.113,0.035,0.035,,,,,,,,,,,,,,,,,,,,,,,,,,,,,,
HATS-48 A b,0.243,0.022,0.03,0.8,0.015,0.015,191133724.19743696,3.1316666,0.03769,0.162,958.1280793,11.97,12.39,11.36,0.73,0.01,0.01,4546.0,23.0,18.0,0.186,0.051,0.051,0.2439443991677993,0.0306516652424518,11.354364076417871,1.4266782426592477,18.901394132440693,3.475641700907284,0.80622,0.016599999999999948,0.02373000000000003,0.21159,0.023620000000000002,0.015880000000000005,12.13,15.499999999999998,0.559000000000001,51.213,0.5510000000000019,13.453000000000003,0.31625,0.04478000000000004,0.03145999999999999,0.32582249999999996,0.04415308000000007,15.165370887420634,2.71938076637104,25.177607864999995,4.615493349460862,21.923168922449996,3.84907187550587,
HATS-49 b,0.353,0.038,0.027,0.765,0.013,0.013,110986741.30667733,4.1480467,0.04515,0.071,836.3864965,10.5,11.9,8.5,0.71,0.01,0.01,4405.0,15.0,15.0,0.208,0.053,0.053,0.3504705342403958,0.028155349,15.506846036614624,1.2457556864565995,39.43333812002824,5.550749005708285,0.76741,0.013000000000000012,0.011890000000000067,0.34415,0.027459999999999984,0.023330000000000017,11.105,1.2240000000000002,1.1196000000000002,67.047,1.5160000000000053,2.259999999999991,0.40988,0.024370000000000003,0.026070000000000038,0.41814168,0.025705020000000023,18.501009413829394,2.5280894466928223,46.93807614672,5.818684655661907,45.761300016696005,4.6093409020392055,
HATS-72 b,0.1254,0.0039,0.0039,0.722,0.003,0.003,67529846.18563332,7.3279474,0.066517,0.013,738.6916291,12.17,12.41,11.72,0.73,0.0,0.0,4656.1,8.9,8.9,0.099,0.014,0.014,0.3329601686349286,0.005298704,18.93495368394469,0.3013294795170027,13.273215480145442,0.505297193,0.72719,0.0038000000000000256,0.0038599999999999746,0.1074,0.00673,0.00270999999999999,12.853,0.24600000000000044,0.33199999999999896,44.215,0.05299999999999727,0.11900000000000688,0.44075,0.008000000000000007,0.008029999999999982,0.44857949999999996,0.00791757999999998,25.51005452360897,0.9375444734182674,17.8880944374,0.6396774088598433,15.320425379399998,0.9973795522882083,
HATS-76 b,2.6292349905601005,0.089007961,-0.089007961,1.0798214285714285,0.030982143,-0.030982143,179382834.8103287,1.9416423,0.02658,0.062,943.0494328,4.6,13.3,0.5999999999999996,0.66,0.02,-0.02,4016.0,17.0,-17.0,0.322,0.065,-0.049,0.0435676405365206,0.034029378,1.4826409981141542,1.1580464541715485,36.44254634,28.526119462502862,1.0705,0.023700000000000054,0.025900000000000034,2.6285,0.08150000000000013,0.08519999999999994,2.0391,3.259128,0.9321999999999999,191.965,51.691400000000016,52.22139999999999,0.0986995,0.0767969,0.060150260000000004,0.11131770699999999,0.07572174340000001,3.7882289282090085,2.6385078100822157,93.0723704796348,63.38905644893988,93.04635252614099,63.364821041611314,
HATS-77 b,1.3741228130899936,0.1000089364380113,-0.074006608,1.1658928571428573,0.020982143,-0.020982143,105313004.11547431,3.0876262,0.03607,0.045,825.4860488,12.1,17.1,7.1,0.66,0.01,-0.01,4071.0,13.0,-13.0,0.253,0.039,-0.039,,,,,,,,,,,,,,,,,,,,,,,,,,,,,,
HD 114082 b,8.0,1.0,1.0,1.0,0.03,0.03,20410582.59482033,109.75,0.5109,0.395,547.7130488,0.015,0.0209999999999999,0.009,1.47,0.07,0.07,6651.0,35.0,35.0,0.0,0.03,0.03,,,,,,,,,,,,,,,,,,,,,,,,,,,,,,
HD 17156 b,3.191,0.033,0.033,1.095,0.02,0.02,144515822.49038622,21.2163979,0.16255,0.6768,893.445544,3.38,3.58,2.91,1.27,0.02,0.02,6079.0,80.0,80.0,0.24,0.05,0.05,0.0233973112484746,0.0178379897086101,0.9616962370485864,0.7331922628673929,23.73114827097372,18.098961949418204,,,,,,,,,,,,,,,,,,,,,,,,
HD 332231 b,0.244,0.021,0.021,0.867,0.027,0.025,133937390.76704024,18.71204,0.1436,0.032,876.6267038,4.3,6.8,2.4,1.13,0.08,0.08,6089.0,97.0,96.0,0.036,0.059,0.058,0.1744267812498036,0.0511864793798694,11.46793257883327,3.3653266446252394,13.557153193713711,4.240700619737849,0.86614,0.03254000000000001,0.040669999999999984,0.24182,0.02174000000000001,0.022559999999999997,4.2473,1.6753999999999998,1.7124000000000001,69.875,26.397999999999996,7.329000000000001,0.24145,0.07579000000000002,0.05854000000000001,0.2520697,0.07472894000000002,16.572674815496452,5.404452627096334,19.5585921624,6.037767929850205,19.383847363572002,6.024382108674832,
HD 80606 b,3.94,0.11,0.11,0.98,0.03,0.03,5116370.034100098,111.4357,0.449,0.9332,387.5517695,5.9,7.5,3.9,0.97,0.04,0.04,5440.0,110.0,110.0,,,,0.1384881218828995,0.0383212925520214,,,173.44628690355398,48.271181635654365,,,,,,,,,,,,,,,,,,,,,,,,
HD 95338 b,0.13353,0.00698,0.00654,0.347,0.017,0.018,9978388.969613371,55.087,0.262,0.197,457.9882592,5.08,7.59,2.5700000000000003,0.83,0.02,0.02,5212.0,16.0,11.0,0.04,0.1,0.1,,,,,,,,,,,,,,,,,,,,,,,,,,,,,,
K2-114 b,2.01,0.12,0.12,0.932,0.031,0.031,54333991.297297865,11.3909311,0.0943,0.081,699.6118222,7.2,11.5,2.7,0.86,0.04,0.03,4920.0,68.0,69.0,0.41,0.036,0.037,0.2147838986879522,0.056084695,5.968616643392231,1.5585341707317024,137.32448432505342,37.22433552224667,0.93413,0.028976400000000013,0.030769999999999964,2.006,0.11300000000000043,0.11619999999999986,6.74355,3.0562499999999995,2.3479780000000003,133.26,21.210000000000008,20.909999999999997,0.294465,0.07222060000000008,0.07501499999999997,0.30434249,0.07396479,8.45735486785503,2.1780369288507897,194.5296327582,48.68239346102297,194.14250911092,48.5044465952385,
K2-115 b,0.84,0.18,0.2,1.115,0.057,0.061,48566226.39135905,20.273034,0.1367,0.137,680.2566992,10.7,12.4,6.499999999999999,0.83,0.02,0.02,5560.0,56.0,58.0,-0.22,0.035,0.036,0.040474658,0.037427765,4.797943709826229,4.436759150238292,12.140252132123782,11.806167149847036,0.98802,0.01968000000000003,0.048250000000000015,0.86225,0.1513500000000001,0.17813999999999997,9.7478,3.0671999999999997,2.3572999999999995,74.68,4.164999999999992,6.042000000000002,0.048158,0.06470200000000001,0.02835,0.061483788,0.063796172,7.28840639889047,7.586615107271351,16.42354945056,17.484124886932197,16.858577992554,17.83600063167892,
K2-139 b,0.387,0.083,0.075,0.808,0.034,0.033,23017743.55173601,28.38236,0.179,0.12,564.4232878,1.8,2.1,1.5,0.92,0.03,0.03,5340.0,110.0,110.0,0.22,0.08,0.08,0.3523397486236108,0.063170987,15.164692363441867,2.7188773954653094,43.79047384216048,13.362199562458269,0.81407,0.033560000000000034,0.033279999999999976,0.37529,0.057979999999999976,0.047140000000000015,1.7955,0.2778999999999998,0.2683000000000002,107.9,5.3799999999999955,5.8700000000000045,0.36945,0.05804999999999999,0.058711600000000086,0.3782777,0.0578896376000001,16.281061023797147,3.899026420420298,46.553123428199996,12.265413284870052,45.144500494494,9.817033686254485,
K2-19 b,0.1019509125235997,0.005349276,-0.005349276,0.625,0.017857143,-0.017857143,118665432.2581145,7.9222,0.074529088,0.2,850.4921194,,,,0.88,0.03,-0.03,5322.0,100.0,-100.0,0.06,0.05,-0.05,0.5604610269541775,0.0364609885984611,34.86722486189158,2.2682995373616763,18.393500971272267,1.3889787996467235,,,,,,,,,,,,,,,,,,,,,,,,
K2-280 b,0.11673,0.01762,0.01762,0.669,0.039,0.039,86134501.36130238,19.89526,0.1461,0.35,785.0250648,8.96,10.66,7.260000000000001,1.03,0.03,0.03,5500.0,100.0,100.0,0.33,0.08,0.08,0.4562649400480293,0.069991509,15.2436533,2.338392018616403,17.199945555349657,3.589942080619693,0.68822,0.0408099999999999,0.03710000000000002,0.10913,0.017229999999999995,0.01557900000000001,9.8355,1.8514999999999997,1.3635160000000006,51.907,1.8570000000000064,2.671999999999997,0.53307,0.06497999999999993,0.07334000000000002,0.53960702,0.07231324,18.028083267090285,4.106727644137761,20.030288127382804,4.043133126133742,18.726165881446803,3.878018148754341,
K2-287 b,0.3150297356828194,0.027002549,-0.027002549,0.8476785714285715,0.013035714,-0.013035714,100862768.08275388,14.893291,0.1206,0.478,816.6236592,4.5,5.5,3.5,1.06,0.02,-0.02,5695.0,58.0,-58.0,0.2,0.04,-0.04,0.222515230283417,0.026694479393827,10.028401343287392,1.2030769879007392,22.34683503823195,3.6873069045049087,0.84736,0.013660000000000005,0.01737999999999995,0.30696,0.026219999999999966,0.02509,4.931,0.9089999999999998,0.6399999999999997,73.896,2.6380000000000052,3.6670000000000016,0.2775,0.03248999999999996,0.02583000000000002,0.287615,0.03203513999999996,12.96234261661934,1.8734505488782125,28.813114222235683,4.049538779543863,28.075043527200002,3.940744145393008,
K2-290 c,0.774,0.047,0.047,1.006,0.05,0.05,47410516.83849119,48.36685,0.305,0.0,676.1731319,4.0,5.6,3.2,1.19,0.07,0.08,6302.0,120.0,120.0,-0.06,0.1,0.1,0.079119636,0.057968516,6.488678365491027,4.754054393253742,19.56284238,14.474665427596005,0.9832,0.025499999999999967,0.042810000000000015,0.77518,0.04639000000000004,0.04713999999999996,4.4428,1.041616000000003,0.7598160000000012,88.8955,3.3105000000000047,4.096499999999992,0.082065,0.07474660000000033,0.04861632000000002,0.09491609,0.07370014760000033,7.784160890844575,6.304378865017247,23.36188706388,18.19535081801415,23.3975033774916,18.22325145322728,
K2-295 b,0.3350316236626809,0.062005853,-0.062005853,0.8976785714285715,0.010982143,-0.005,116407862.23966628,4.024867,0.0451,0.0,846.4178545,,,,0.74,0.04,-0.04,4444.0,70.0,-70.0,0.14,0.12,-0.12,0.1231988149405096,0.035718895,6.374975127252079,1.8482894468711413,13.392246154916831,5.320759795004732,,,,,,,,,,,,,,,,,,,,,,,,
K2-329 b,0.2600245437382001,0.020001888,-0.022002077,0.7746428571428572,0.025982143,-0.024017857,62045292.909183815,12.4551225,0.1016,0.0697,723.2133715,1.8,4.0,0.5,0.9,0.05,-0.05,5282.0,40.0,-39.0,0.098,0.065,-0.07,0.3862022479019042,0.054177983,22.013381574047838,3.088124445864853,31.952444988721563,5.376322265883665,0.775795,0.02475499999999997,0.024197799999999936,0.25929,0.020225599999999955,0.021320000000000033,1.3341500000000002,1.22675,0.45351520000000023,108.38,21.7628,18.825559999999996,0.451485,0.04815779999999997,0.04990780000000006,0.45916420999999996,0.049209090799999966,26.172185725971254,5.065851213321981,37.967280617559226,5.184360670393661,37.8600267874662,5.114117383866276,
K2-55 b,0.1357,0.0188,0.0182,0.3934,0.0285,0.025,178005669.49090722,2.84927265,0.0347,0.0,941.2341938,,,,0.688,0.069,0.069,4300.0,107.0,100.01,0.376,0.095,0.095,,,,,,,,,,,,,,,,,,,,,,,,,,,,,,
KOI-1257 b,1.4500629326620516,0.3500314663310258,-0.350031466,0.9410714285714286,0.1205357142857143,-0.120535714,9931019.489246652,86.647661,0.382,0.772,457.4437476,9.3,12.3,6.300000000000001,0.99,0.05,-0.05,5520.0,80.0,-80.0,0.27,0.09,-0.09,0.1018468347261111,0.0569024102979353,3.906784900541978,2.1827431157212405,47.127856946811335,29.512563294472407,0.93138,0.06552000000000002,0.10550999999999999,1.3449,0.3259000000000001,0.2519,10.065,3.6260000000000012,2.644399999999999,92.893,3.823999999999998,5.422160000000005,0.18998,0.20131160000000034,0.11689400000000001,0.20132028000000002,0.19849323760000032,7.722527972440162,7.780451888852302,92.83281004752423,94.23246142775294,86.10029497389601,87.4175634211414,
KOI-1783.01,0.2234109502831969,0.035242291,-0.028949025,0.7910714285714285,0.022321429,-0.021428571,7032523.111042319,134.4628,0.5269997399752953,0.0,419.6304835,,,,1.08,0.04,-0.03,5922.0,60.0,-60.0,0.11,0.04,-0.04,0.2441997967940292,0.054688304,13.539956295905542,3.032259862259125,17.51070659444701,5.191576806313015,,,,,,,,,,,,,,,,,,,,,,,,
KOI-3680 b,1.9301821900566392,0.1900179358086847,-0.210019824,0.9908035714285716,0.060089286,-0.070089286,4587385.078335781,141.241671,0.534,0.496,377.1208437,3.2,12.8,0.9000000000000004,1.01,0.07,-0.16,5830.0,100.0,-100.0,0.16,0.07,-0.07,0.1430174530402344,0.090574915,7.067421671084199,4.475895119810497,88.23147822968824,57.21967450150991,0.971835,0.05406500000000003,0.05977379999999999,1.9277,0.19398800000000027,0.20199999999999996,3.1563,4.102364000000001,1.6291,160.115,40.8338,40.38380000000001,0.2072,0.14184000000000002,0.11365196,0.21829920000000003,0.13985424000000002,10.787581963344795,7.126475838856982,133.99159848606874,87.07152031258306,133.81928697312003,86.87108624725755,
KOI-94 d,0.3335431088735053,0.034612964,-0.034612964,1.00625,0.094642857,-0.094642857,145118036.76343682,22.342989,0.1684,0.022,894.374866,3.16,3.5500000000000003,2.77,1.28,0.05,-0.05,6182.0,58.0,-58.0,0.023,0.002,-0.002,0.1218299579536227,0.096876075,8.253270107599127,6.562789883316201,12.99558083884893,10.522966286148549,0.96101,0.018719599999999947,0.036579600000000045,0.32751,0.027577600000000035,0.02954960000000001,3.2513,0.32509999999999994,0.2976960000000002,75.863,1.4689199999999971,1.7719200000000086,0.09179999999999999,0.06971600000000011,0.057044479999999995,0.10451479999999999,0.06873997600000012,7.080269000585757,4.656847178503041,11.085540838263057,7.381219758316564,10.885026203064,7.226192506079683,
Kepler-111 c,0.7000625550660793,0.1400125235997482,-0.130011611,0.6325000000000001,0.023035714,-0.020982143,3501732.096880423,224.77833,0.751,0.176,352.5006861,3.4,6.5,1.1999999999999995,1.12,0.06,-0.07,5914.0,81.0,-82.0,0.237,0.058,-0.059,0.4841211402950447,0.016285788253322,20.036691516703787,0.674032361,54.55721374642214,18.47014392660085,0.63557,0.021998799999999985,0.020949999999999913,0.68501,0.13085400000000003,0.125,4.05305,2.1878260000000003,1.380414,143.32,18.668800000000033,22.849999999999994,0.7410749999999999,0.04447380000000001,0.046724999999999905,0.74469995,0.046070849999999997,30.821465804118823,4.600890605031765,165.7850228219569,34.70703943314197,162.220358254341,32.57270362106523,
Kepler-117 c,1.84,0.18,0.18,1.101,0.035,0.035,57836642.695761405,50.790391,0.2804,0.0323,710.6242214,5.3,6.699999999999999,3.9,1.13,0.13,0.02,6150.0,110.0,110.0,-0.04,0.1,0.1,0.0287821832168058,0.0246690559810999,2.254216881,1.93207728590798,17.20624403171192,14.983034279109711,1.0516,0.012199999999999989,0.023600000000000065,1.8293,0.16749999999999998,0.1411,5.2979,1.1483999999999996,0.8635000000000002,113.54,7.509999999999991,10.13000000000001,0.035272,0.040438,0.018612999999999998,0.048778192,0.039871868000000005,3.820301712520424,3.2442909386942014,28.54109570304,23.496307507117812,28.3751230269408,23.339227044595606,
Kepler-1514 b,5.28,0.22,0.22,1.108,0.023,0.023,5131967.478655782,217.83184,0.753,0.401,387.8467989,2.9,4.5,1.6,1.2,0.07,0.06,6145.0,99.0,80.0,0.119,0.08,0.075,0.0151818999370283,0.0107371994636575,0.8245141039999387,0.5831267780690633,25.21468662089179,17.855895706824565,,,,,,,,,,,,,,,,,,,,,,,,
Kepler-16 b,0.333,0.016,0.016,0.754,0.003,0.003,409017.4576231513,228.776,0.7048,0.0069,206.0747106,,,,0.69,0.0,0.0,4450.0,150.0,150.0,-0.3,0.2,0.2,0.3297636290073462,0.018893794,46.99749584326689,2.692719670533255,34.94073429012627,3.037356210241661,,,,,,,,,,,,,,,,,,,,,,,,
Kepler-167 e,1.010090276903713,0.1600143171806167,-0.150013405,0.9071428571428573,0.0375,-0.0375,109942.06587070235,1071.23205,1.883,0.29,148.381655,7.1,11.5,2.5,0.78,0.03,-0.03,4884.0,69.0,-75.0,0.02,0.067,-0.067,0.160557333363028,0.072537477,10.952218785218854,4.9480537649120855,52.49377447072249,26.549704914936463,,,,,,,,,,,,,,,,,,,,,,,,
Kepler-1704 b,4.16,0.29,0.28,1.066,0.044,0.042,940285.4383345384,988.88112,2.027,0.92,253.7488981,7.4,8.9,6.4,1.13,0.04,0.05,5746.0,87.0,88.0,0.196,0.058,0.058,0.0189171794676246,0.0114333950277722,0.8604553680853284,0.5200524816040161,25.012640474359404,15.231114108315808,,,,,,,,,,,,,,,,,,,,,,,,
Kepler-289 c,0.42,0.05,0.05,1.034,0.017,0.017,6069792.097213264,125.8518,0.51,0.0,404.4666252,0.65,1.09,0.21,1.08,0.02,0.02,5990.0,38.0,38.0,0.05,0.04,0.04,0.051581858,0.035086234,3.283741385994683,2.233617072019189,7.003603426391167,4.915457589868886,,,,,,,,,,,,,,,,,,,,,,,,
Kepler-30 c,2.013845185651353,0.1573316551290119,-0.157331655,1.0982142857142858,0.035714286,-0.035714286,11195521.546160802,60.323105,0.3,0.0111,471.3573895,2.0,2.8,1.2,0.99,0.08,-0.08,5498.0,54.0,-54.0,0.18,0.27,-0.27,0.041193234,0.032036076,1.9440071088441129,1.5118589484644485,26.568501544488715,20.91323378003601,1.069,0.01540000000000008,0.02519999999999989,2.0139,0.15249999999999986,0.1532,1.8348,0.535012,0.4085000000000001,169.87,11.150000000000006,12.360000000000014,0.045017,0.04095484000000002,0.02513256,0.058386762,0.040381472240000015,2.755410793127063,2.5624536231004194,37.39104405991189,26.02487073618166,37.3920617973924,26.017071453882718,
Kepler-34 b,0.22,0.011,0.01,0.764,0.012,0.014,1699104.8666242885,288.822,1.0896,0.182,294.201094,,,,1.05,0.0,0.0,5913.0,130.0,130.0,-0.07,0.15,0.15,0.2633294539445114,0.0357941454702556,22.09893797,3.003889571010941,18.43035405,2.78868392510194,,,,,,,,,,,,,,,,,,,,,,,,
Kepler-35 b,0.1270075519194461,0.02,-0.02,0.7285714285714286,0.014017857,-0.014017857,5405352.431805555,131.458,0.60347,0.042,392.9119533,,,,0.89,0.01,-0.01,5606.0,150.0,-150.0,-0.34,0.2,-0.2,0.3091628967785542,0.044694162,48.31248008008554,6.984298056776881,12.625056750338818,2.892509974387744,,,,,,,,,,,,,,,,,,,,,,,,
Kepler-39 b,17.9,1.8,1.8,1.092,0.078,0.078,120292124.34764178,21.087168,0.1539,0.0,853.3919386,4.4,6.7,0.2000000000000001,1.08,0.16,0.16,6260.0,140.0,140.0,-0.29,0.1,0.1,0.0185912199455106,0.0115176429181673,2.589284986690578,1.6041152747092982,103.34921950694113,65.00916753584885,,,,,,,,,,,,,,,,,,,,,,,,
Kepler-413 b,0.210824418,0.069225928,-0.066079295,0.388125,0.008839286,-0.008839286,4032105.6801010985,66.262,0.3553,0.1181,365.1507643,,,,0.82,0.01,-0.01,4700.0,,,-0.2,,,,,,,,,,,,,,,,,,,,,,,,,,,,,,,,
Kepler-419 b,2.5,0.2998741346758968,-0.299874135,0.9642857142857144,0.125,-0.116071429,46168802.35547444,69.7546,0.37,0.833,671.7016106,2.8,4.1,1.4999999999999998,1.39,0.08,-0.07,6430.0,79.0,-79.0,0.176,0.07,-0.07,0.1072129601391732,0.056227066,5.1064519691593535,2.6780420085976195,85.16486727779223,46.169121452227145,0.97875,0.07115000000000005,0.08562999999999998,2.4155,0.2271559999999999,0.27290000000000036,2.9323,0.9871560000000001,0.8406120000000001,185.025,13.754999999999995,17.985000000000014,0.265235,0.1894630000000001,0.1566018,0.27552171,0.1868105180000001,13.122838663808036,9.145561894374262,219.03975945,150.82050674191453,211.63621558059,145.47302062315742,
Kepler-432 b,0.575,0.025,0.023,1.145,0.036,0.039,141609543.51939395,52.50113,0.3025,0.4775,888.9193666,4.2,5.0,3.2,1.35,0.1,0.07,4995.0,78.0,78.0,-0.07,0.1,0.1,0.0129241130050646,0.0132200567337925,1.0846077692437617,1.1094437380496267,2.4467256999326987,2.525442842051269,1.0053,0.008799999999999919,0.011290000000000133,0.57794,0.02249000000000001,0.023229999999999973,4.3664,0.6295000000000002,0.4231999999999996,79.587,1.9779999999999944,2.953000000000003,0.023606,0.028795000000000005,0.010807999999999998,0.037275515999999995,0.028391870000000013,3.128208043393522,2.489176049652391,6.815828100599999,5.199904452488463,6.850677726018719,5.2252580156669,
Kepler-539 b,0.970091567,0.2900273757079924,-0.290027376,0.7475892857142857,0.017053571,-0.017053571,5082263.295759219,125.63243,0.4988,0.39,386.9042743,2.0,3.2,1.372,1.05,0.04,-0.04,5820.0,80.0,-80.0,-0.01,0.07,-0.07,0.4672992738763721,0.031855969,34.15600516111261,2.3284278199596296,111.69134851924127,41.29621212786851,0.748455,0.017267799999999944,0.016924999999999968,0.914675,0.21295300000000006,0.20645060000000004,2.3640999999999996,0.7918120000000006,0.6461279999999996,165.715,10.724999999999994,12.955000000000013,0.58406,0.046719999999999984,0.04123840000000001,0.58988316,0.04606592000000009,43.11595027803049,7.722193509466396,181.9725359319571,56.2295339548991,171.57733864061402,42.133638747778676,
Kepler-553 c,6.7,0.44,0.43,1.033,0.032,0.025,894423.7847223039,328.24017,0.898,0.346,250.5965411,8.8,12.1,4.800000000000001,0.89,0.05,0.04,5191.0,76.0,78.0,0.152,0.058,0.058,0.0185844726289535,0.0113955825586877,0.9354535037166566,0.5735991461392951,39.399905488829134,24.334713410794173,,,,,,,,,,,,,,,,,,,,,,,,
Kepler-75 b,9.9,0.5,0.5,1.03,0.06,0.06,119757048.76353316,8.884924,0.08,0.569,852.4413509,6.0,9.0,3.0,0.88,0.06,0.06,5330.0,120.0,120.0,-0.07,0.15,0.15,0.0195418145520757,0.0115658928522984,1.6399735811653913,0.970624231,61.483848540320814,36.54364317732414,,,,,,,,,,,,,,,,,,,,,,,,
Kepler-849 b,0.9400840151038388,0.2000178728760226,-0.200017873,0.721607143,0.027053571,-0.029017857,3922508.7631687066,394.62508,1.137,0.078,362.6437676,4.7,6.5,3.1,1.26,0.12,-0.1,5950.0,140.0,-130.0,0.145,0.059,-0.058,0.4654409671346307,0.0298405628391714,23.808748675470405,1.5264373167369023,124.49719939766426,32.63946202526679,0.7236750000000001,0.026924999999999977,0.02601500000000012,0.8854500000000001,0.1611499999999999,0.16453800000000018,5.2345500000000005,1.3088540000000002,1.1834380000000007,131.265,8.63500000000002,11.794999999999987,0.59982,0.056027600000000066,0.053690000000000015,0.6054225200000001,0.05524321360000006,30.969239149463494,5.068179157718585,180.98907463261116,41.900215517680486,170.47069576621203,35.29060455735421,
Kepler-87 b,1.02,0.028,0.028,1.204,0.049,0.049,17266790.104334943,114.73635,0.481,0.036,525.2815415,7.5,8.0,7.0,1.1,0.05,0.05,5600.0,50.0,50.0,-0.17,0.03,0.03,0.0275929451449311,0.0186492684647818,2.9152111870094943,1.9703063871042583,8.981288049062572,6.122325924883445,1.0085,0.007200000000000095,0.14027,1.0214,0.02089999999999992,0.024570000000000092,7.7188,20.688200000000002,0.3906999999999998,82.667,0.9629999999999939,20.134,0.0253915,0.2187585,0.011718660000000013,0.039036019000000005,0.215695881,4.124178795970967,22.790179751894858,12.661723122840002,69.96397933627178,12.679101958498803,70.05980766133844,
Kepler-9 b,0.13655,0.00503,0.00629,0.74,0.048,0.038,61430547.75950002,19.23891,0.143,0.0609,721.4152762,2.0,4.0,0.7,1.02,0.03,0.04,5774.0,60.0,60.0,0.05,0.07,0.07,0.4196911584261708,0.07630202,26.717867048125942,4.857446230654287,18.212508872830693,3.3963846675073075,0.7465649999999999,0.04540780000000011,0.04007139999999998,0.13577,0.00542999999999999,0.005929999999999991,2.021,1.171476000000001,0.7646,82.4225,9.602180000000018,9.618499999999997,0.488,0.06416,0.07083,0.495168,0.06983838000000003,31.52278175241504,6.751434932933495,21.501630547199998,3.1902277191751987,21.378809076480003,3.1565346203246736,
NGTS-11 b,0.3440324732536186,0.092008685,-0.073006891,0.8176785714285715,0.028035714,-0.032053571,13570439.445771378,35.45533,0.201,0.13,494.5813268,3.9,5.5,2.3,0.86,0.03,-0.03,5050.0,80.0,-80.0,0.22,0.08,-0.08,0.2733222142130392,0.064539031,11.763780018652565,2.7777580073141173,30.574738607861946,11.94966708888195,0.81825,0.03045999999999993,0.030200000000000005,0.34078,0.07282,0.06117,4.0032,1.3020160000000036,1.0550999999999995,84.024,5.106999999999999,5.965999999999994,0.31384,0.0565416000000003,0.05748000000000003,0.32344624,0.056675279999999995,13.921116606550527,3.539231709230997,35.385771151947154,11.31395018656357,35.051235074169604,9.686133242670275,
NGTS-20 b,2.98,0.16,0.15,1.07,0.04,0.04,50718096.30059868,54.18915,0.313,0.432,687.6698338,4.1,6.8,1.3999999999999997,1.47,0.09,0.09,5980.0,80.0,80.0,0.15,0.08,0.08,0.0606926220206166,0.042039049,3.0690775644796773,2.1258119695553197,57.544339759852505,40.05760037940359,,,,,,,,,,,,,,,,,,,,,,,,
NGTS-30 b,0.9600858086847074,0.056005003,-0.056005003,0.92875,0.032053571,-0.032053571,5373962.672762752,98.29838,0.408,0.294,392.340281,1.1,1.5,0.7000000000000001,0.94,0.06,-0.06,5455.0,80.0,-80.0,-0.03,0.08,-0.08,0.2371575041942239,0.056033587,18.15134600900568,4.288647848084129,72.44639825952771,17.973460901732487,0.92904,0.03029000000000004,0.029928799999999978,0.9586950000000001,0.05510499999999996,0.05443380000000009,1.0721,0.26980000000000004,0.2139616000000002,171.39,10.618800000000022,11.009999999999991,0.261465,0.053385000000000016,0.05308499999999999,0.27180449,0.05263761,20.803125591804424,5.560169019241366,82.98389148027947,16.783870109182814,82.86367856189491,16.739280139263805,
PH2 b,0.2740244808055381,0.066005884,-0.067005979,0.8336607142857143,0.025982143,-0.024017857,1713431.1609701775,282.52542,0.833,0.215,294.8192945,4.1,8.399999999999999,1.2999999999999998,0.97,0.05,-0.06,5734.0,84.0,-82.0,0.017,0.051,-0.044,0.1592774226165384,0.06365422,10.940223232669094,4.372191372774031,14.524931503748176,7.802485689542635,0.834785,0.02597499999999997,0.024017799999999978,0.272095,0.06314059999999999,0.06269779999999997,3.9177999999999997,2.4827840000000005,1.5513559999999997,74.5995,10.791339999999991,11.079780000000007,0.22938,0.052809999999999996,0.05696680000000001,0.24016868,0.05616926480000001,16.49636796937123,4.317115314691883,20.928247113994953,7.081355785595425,20.7808856411028,6.846536657915264,
TIC 139270665 b,0.463,0.046,0.046,0.645,0.024,0.022,56010937.55095218,23.624,0.163,0.105,704.9485929,3.4,7.199999999999999,1.0,1.03,0.05,0.06,5844.0,84.0,82.0,0.156,0.057,0.056,0.6313008014613952,0.040605368,31.48533402144536,2.025141702827144,93.04578460410296,11.942993274656596,0.64694,0.0232,0.022296399999999994,0.4628,0.045660000000000034,0.0447264,3.0843499999999997,1.8699140000000005,1.344026,129.37,27.662800000000033,23.66640000000001,0.696,0.03927280000000011,0.04216999999999993,0.700256,0.04157961999999993,34.92438788210455,5.03100119917467,103.101491904,11.933322468348983,103.05695562240001,11.86703266465637,
TIC 172900988 Aa b,2.6335,0.01479,0.01479,1.008,0.036,0.036,4010419.064771015,193.965,0.88328,0.0728,364.6587815,3.1,3.2,3.0,1.24,0.0,0.0,6050.0,100.0,100.0,0.34,0.1,0.1,0.1230643571919995,0.055608136,4.017947445357815,1.8155587178332608,103.00713615476668,46.54860586519675,1.0477,0.005199999999999871,0.007000000000000117,2.6325,0.015000000000000124,0.013700000000000045,3.1052,0.10709999999999997,0.10829999999999984,171.68,0.9699999999999989,1.0100000000000193,0.11198,0.016220000000000012,0.017511,0.12441228,0.017265846,4.06195598793278,1.0920443704111882,104.18943712284,14.471169334750044,104.14987401779999,14.466021739245686,
TIC 172900988 b,2.964128382630585,0.017621145,-0.017621145,1.0044642857142858,0.039285714,-0.039285714,6011708.498168302,200.452,0.90281,0.0271,403.4955189,3.1,3.2,3.0,1.24,0.0,0.0,6050.0,100.0,-100.0,0.34,0.1,-0.1,0.1184766892795931,0.046602999,3.8681639581695233,1.5215485887725533,111.6134889447425,43.908136428951934,,,,,,,,,,,,,,,,,,,,,,,,
TIC 237913194 b,1.942183322844556,0.092008685,-0.09100859,1.1178571428571429,0.054017857,-0.047053571,111083966.43141864,15.168865,0.1207,0.575,836.5696064,5.7,7.4,4.0,1.03,0.06,-0.06,5788.0,80.0,-80.0,0.14,0.05,-0.05,0.0414490237194779,0.0361086779168086,2.1447973780279312,1.8684589109787029,25.66745205106951,22.456821873102623,1.0526,0.015200000000000102,0.02760000000000007,1.94555,0.0966499999999999,0.089982,5.618,1.1628999999999996,0.9769000000000005,114.1,8.840000000000003,9.959999999999994,0.0435755,0.04834726000000014,0.024384460000000004,0.056965443000000004,0.047670398360000144,2.947701099343009,2.4899602845263185,35.18267201263059,29.489059729524108,35.2436594059107,29.544877533823062,
TIC 279401253 b,6.14,0.39,0.42,1.0,0.04,0.04,12691871.83223651,76.8,0.369,0.448,486.3743427,1.2,2.2,0.3999999999999999,1.13,0.02,0.03,5951.0,80.0,80.0,0.2,0.05,0.05,0.0234597320281141,0.0114183986416241,1.057292158762562,0.5146087489382448,46.32764393249442,22.78693274410123,,,,,,,,,,,,,,,,,,,,,,,,
TIC 393818343 b,4.34,0.15,0.15,1.087,0.023,0.021,95960064.43208386,16.24921,0.1291,0.6058,806.513925,3.8,6.4,1.6999999999999995,1.08,0.06,0.06,5756.0,67.0,66.0,0.318,0.058,0.058,0.0296194249309179,0.0219857934456491,1.017298927517017,0.7551167568254477,40.8343549368748,30.344175344738726,,,,,,,,,,,,,,,,,,,,,,,,
TOI-1130 c,1.024826935179358,0.017589679,-0.017589679,1.1892857142857145,0.1383928571428571,-0.125892857,40339596.316781335,8.350231,0.07191,0.0457,649.4147141,4.1,5.0,3.2,0.71,0.02,-0.02,4350.0,60.0,-60.0,0.3,0.06,-0.06,0.1097179531760491,0.094902033,3.927802673682191,3.397406235239807,35.75034367439485,30.94787910933081,0.9897,0.035700000000000065,0.06044000000000005,1.0227,0.018399999999999972,0.01639999999999997,3.9186,1.0071999999999997,0.6714000000000002,99.21,4.800000000000011,4.533999999999992,0.099079,0.106741,0.062389,0.111691894,0.105246626,3.9984679551750384,3.8080138122717377,36.39982592914247,34.30503487270921,36.3242813980284,34.23439886083367,
TOI-1259 A b,0.4410394273127753,0.049004374,-0.047004216,1.022857142857143,0.03,-0.027053571,193939604.16321412,3.477978,0.0407,0.0,961.6252618,4.8,5.5,4.0,0.74,0.06,-0.06,4775.0,100.0,-100.0,-0.5,0.5,-0.5,0.0249222367684999,0.0217015933137833,5.629359469603878,4.901890266159763,3.6362947751881225,3.250858433094347,0.98148,0.014449999999999963,0.21184999999999998,0.44404,0.04261000000000004,0.054910000000000014,4.9221,0.7748999999999997,0.9593000000000003,72.512,23.787999999999997,2.5400000000000063,0.0476035,0.42368649999999997,0.0297915,0.060937051000000006,0.41775488899999996,13.764276789560085,95.68258107709104,8.546454179903863,58.59804277283745,8.60459922408072,58.99855799025617,
TOI-1268 b,0.30331,0.0258,0.02611,0.812,0.054,0.054,162011860.7853977,8.1577094,0.0711,0.105,919.3395418,0.245,0.38,0.1099999999999999,0.96,0.04,0.04,5300.0,100.0,100.0,0.36,0.06,0.06,0.4577548325170679,0.080549701,14.272659405581832,2.5115157037793088,44.13657547639652,8.727700984823594,,,,,,,,,,,,,,,,,,,,,,,,
TOI-1386 b,0.148,0.019,0.018,0.54,0.018,0.016,46964312.01486302,25.83839,0.1732,0.061,674.5765324,3.3,6.8,1.0999999999999996,1.04,0.05,0.06,5793.0,76.0,73.0,0.164,0.056,0.056,0.7028401010201254,0.0223910792578818,34.41347245,1.096344372,33.112035650085005,4.561633506717216,0.54213,0.01719000000000004,0.01634000000000002,0.14934,0.018240000000000006,0.018286400000000008,2.8963,2.4763,1.1255640000000002,92.803,14.296999999999997,12.744199999999992,0.7968,0.024230000000000085,0.026922799999999913,0.7996447999999999,0.026545880799999866,39.15336398172094,5.213252299296222,37.63448286719999,4.990374270588327,37.975227509376,4.817855503149665,
TOI-1478 b,0.851,0.052,0.047,1.06,0.04,0.039,162716353.7,10.180249,0.0903,0.024,920.337331,9.1,12.2,5.199999999999999,0.95,0.06,0.04,5597.0,83.0,82.0,0.078,0.072,0.066,0.0332350083668364,0.028673916,1.9836623787335252,1.7114293632137825,9.082549408823429,7.882542388,1.0045,0.018299999999999983,0.05018999999999996,0.86079,0.03817999999999999,0.04486000000000001,8.80965,24.43235,2.303866000000001,74.463,6.308000000000007,28.432999999999993,0.048695,0.074875,0.030123,0.06201327,0.07382675,3.7013196844563794,4.448939223131396,16.78190710086,20.00514672108209,16.974968053289402,20.228040137417857,
TOI-1670 c,0.63,0.09,0.08,0.987,0.025,0.025,49945538.834209375,40.74976,0.249,0.09,685.0360284,2.53,2.96,2.1,1.21,0.02,0.02,6170.0,61.0,61.0,0.09,0.07,0.07,0.072835321,0.039402655,4.228769410647237,2.2876914360517264,14.921646053206883,8.760319108555114,0.98706,0.016739999999999977,0.028040000000000065,0.63039,0.06972,0.06405000000000005,2.5655,0.4567000000000001,0.33519999999999994,94.0,2.102000000000004,2.344999999999999,0.0762315,0.04916850000000002,0.041256499999999995,0.089164259,0.048480141000000004,5.17681647616853,2.9357967291289273,17.86316764806,10.042159913934494,17.87422579946118,9.917543664213628,
TOI-181 b,0.1452,0.0085,0.024,0.634,0.008,0.009,143776179.67496836,4.532,0.0539,0.1543,892.3001631,5.4,10.3,0.5,0.82,0.04,0.04,4994.0,50.0,50.0,0.272,0.08,0.08,0.5695897787187172,0.034539653,21.74874251284528,1.3188333960352074,26.312696731126987,3.521026339291548,0.63337,0.008522799999999942,0.008549999999999947,0.13638,0.013600000000000001,0.018869999999999998,2.4436999999999998,3.9041120000000005,1.4906555999999997,87.5425,28.94749999999999,20.15762000000001,0.68513,0.03270279999999992,0.03250560000000002,0.68953818,0.032244960800000055,26.328752533675264,5.003774941630732,31.838460108048,5.469114276002075,29.904471002311197,4.367611147701338,
TOI-1811 b,0.9720868785399622,0.076006797,-0.078006986,0.9948214285714286,0.025,-0.023035714,193756551.26316965,3.7130765,0.04389,0.052,961.3982702,5.9,10.8,1.9000000000000004,0.82,0.03,-0.03,4766.0,52.0,-54.0,0.306,0.076,-0.077,0.068457106,0.0407195008482966,2.417077088480963,1.4377203170058943,21.33779420831661,13.01600435,0.9957750000000001,0.02312499999999984,0.023056600000000094,0.96999,0.07581000000000004,0.07697160000000003,4.0869,3.509020000000003,1.395616,95.499,16.62100000000001,13.633479999999992,0.10579,0.042731600000000036,0.0434438,0.11830894,0.042835586800000006,4.177240957720307,1.6840363808878585,36.57208868377499,13.562822259585003,36.4931994099708,13.526544407194908,
TOI-1899 b,0.6700598804279421,0.040003587,-0.040003587,0.9908035714285716,0.03,-0.03,4289590.849050331,29.090312,0.1525,0.044,370.8456635,7.1,11.6,2.3,0.63,0.03,-0.03,3926.0,45.0,-47.0,0.28,0.11,-0.11,0.043568912,0.0341617078466991,1.6332350091339416,1.2805942237729222,9.386936423013504,7.434312298013278,0.969465,0.017305000000000015,0.021405000000000007,0.67249,0.039759199999999995,0.039140000000000064,4.93365,3.0331820000000036,1.818546,83.9055,8.852379999999997,9.915420000000012,0.0509675,0.041840740000000015,0.02896838,0.064253955,0.041254969640000014,2.4086396381823696,1.6624770603840637,13.691171174574514,8.828489477820641,13.740825218948101,8.859774698214062,
TOI-199 b,0.1700151982378854,0.020001794,-0.020001794,0.8106250000000002,0.005,-0.005,3447994.5537928003,104.854,0.4254,0.09,351.1404653,0.8,2.0,0.2,0.94,0.0,-0.01,5255.0,12.0,-10.0,0.22,0.03,-0.03,0.2812893793875045,0.0451682219058678,12.106686572203408,1.944038935379605,15.23200846024035,3.2046126592804773,,,,,,,,,,,,,,,,,,,,,,,,
TOI-201 b,0.4200396475770924,0.05000472,-0.030002832,1.0088392857142858,0.012053571,-0.015,38806661.36385965,52.97818,0.3,0.28,643.1552331,0.87,1.33,0.38,1.32,0.03,-0.03,6394.0,75.0,-75.0,0.24,0.036,-0.036,0.071312521,0.031703157,2.931148036661717,1.3030902076499649,9.589280453282305,4.481209503731626,,,,,,,,,,,,,,,,,,,,,,,,
TOI-2010 b,1.2861149465072372,0.055004909,-0.057005098,1.0548214285714286,0.027053571,-0.027053571,5799145.171285451,141.834025,0.5516,0.212,399.8805057,1.9,4.1,0.5999999999999999,1.11,0.05,-0.06,5929.0,74.0,-74.0,0.168,0.055,-0.055,0.0488413441615942,0.034543089,2.369515598318636,1.6758422749007102,20.02586005331994,14.235830085288004,1.0441,0.02089999999999992,0.022699999999999942,1.285,0.05490000000000017,0.05489999999999995,1.45635,1.17535,0.6016220000000001,153.035,24.564999999999998,26.221400000000003,0.0579015,0.04303490000000001,0.031780340000000004,0.071090879,0.04243241140000002,3.4489416616249082,2.104416146906958,29.075071369431516,17.401984236425136,29.04986588577,17.38351851623037,
TOI-2134 c,0.1318,0.0242,0.02464,0.649,0.037,0.037,1976230.8233448248,95.5,0.371,0.67,305.526338,3.8,9.3,1.0999999999999996,0.74,0.03,0.03,4580.0,50.0,50.0,0.12,0.02,0.02,0.4551941902973951,0.080425446,24.664293217369345,4.357781402435136,19.351870339715493,5.211042260870692,0.65031,0.03611759999999997,0.0362152,0.13201,0.023247600000000035,0.02336759999999999,4.1034500000000005,2.999850000000005,1.7717020000000003,72.9145,12.067499999999995,11.441260000000007,0.5632999999999999,0.06752760000000013,0.06865759999999987,0.5694138,0.06769639360000002,30.853181399439475,3.9336396427170097,23.865498951119996,5.287411912143306,23.903524404684,5.097015779951152,
TOI-2180 b,2.755,0.087,0.081,1.01,0.022,0.019,5060679.278435527,260.79,0.828,0.3683,386.4928296,8.1,9.6,6.8,1.11,0.05,0.05,5695.0,58.0,60.0,0.253,0.057,0.057,0.084325694,0.032806592,3.363813334048056,1.3086788378380765,73.87949823863642,28.926084088387015,1.0051,0.02069999999999994,0.02222000000000013,2.7237,0.05860000000000021,0.05989999999999984,8.6829,1.6540999999999997,0.9749999999999996,129.44,5.3799999999999955,7.310000000000002,0.11689,0.08189000000000002,0.045369999999999994,0.12925354,0.08074354,5.156017832444625,3.291239596281107,113.23773385860001,70.82893420143797,111.95122167356399,69.97825976185905,
TOI-2338 b,5.98,0.21,0.2,1.0,0.02,0.02,52543547.71482443,22.65398,0.158,0.676,693.7757022,7.0,9.0,5.0,0.99,0.03,0.02,5581.0,60.0,60.0,0.22,0.04,0.04,0.0268409530868775,0.0100961536791179,1.1552338272764442,0.4345381558451739,51.368743971989424,19.36015003378222,,,,,,,,,,,,,,,,,,,,,,,,
TOI-2373 b,9.3,0.2,0.2,0.93,0.02,0.02,120630584.64353886,13.33668,0.112,0.112,853.9915935,5.9,7.6,4.2,1.04,0.03,0.03,5651.0,80.0,80.0,0.3,0.05,0.05,0.0307850073261493,0.009198996,1.1020751899277208,0.3293156808638676,90.62261542,28.43488973943901,,,,,,,,,,,,,,,,,,,,,,,,
TOI-2447 b,0.393,0.031,0.027,0.857,0.012,0.011,11199771.55547445,69.33684,0.347,0.17,471.402117,2.1,3.1,1.1,1.03,0.03,0.03,5730.0,80.0,80.0,0.18,0.08,0.08,0.2522988370101559,0.0288685390283032,11.906584896610456,1.3623753278251085,31.576301220925465,4.755252363015541,0.85751,0.01144999999999996,0.01125520000000002,0.39578,0.029067600000000027,0.028067600000000026,1.72905,0.6672500000000001,0.31095000000000006,102.86,9.680000000000007,9.308320000000009,0.27954500000000004,0.025532600000000016,0.02603500000000003,0.28963137,0.02567050999999998,13.668396321175985,2.794099700916959,36.196390834380004,4.29468161145875,36.4524365507148,4.1959221857791515,
TOI-2525 c,0.657,0.031,0.032,0.904,0.01,0.01,8324919.529128805,49.2519,0.249,0.157,437.7077623,3.99,8.29,1.39,0.85,0.04,0.04,5096.0,102.0,102.0,0.14,0.05,0.05,0.1737853944768189,0.033034064,8.992599221058944,1.7093617261666807,36.34042752704223,7.387902574965572,0.90388,0.009929999999999994,0.009990000000000054,0.657355,0.03140260000000006,0.031244999999999967,2.91125,2.803502000000001,0.7768259999999998,100.60499999999999,16.835000000000008,14.667999999999992,0.209645,0.029664999999999997,0.03145500000000001,0.22070996999999998,0.031014629999999987,11.420731358219445,2.074716846912461,46.11205119222,6.857958193287187,46.13696714073329,6.84765616642126,
TOI-2589 b,3.5,0.1,0.1,1.08,0.03,0.03,15113232.727513492,61.6277,0.3,0.522,508.0758822,11.0,13.0,9.0,0.93,0.03,0.02,5579.0,70.0,70.0,0.12,0.04,0.04,0.028547595145362,0.0235067088443999,1.5468261070202578,1.2736901565787118,31.772256591195998,26.18534156763881,,,,,,,,,,,,,,,,,,,,,,,,
TOI-3693 b,1.02,0.24,0.22,1.124,0.029,0.023,92822445.37839854,9.088516,0.0813,0.0,799.8388387,3.0,6.8,0.8999999999999999,0.87,0.04,0.04,5321.0,86.0,82.0,0.071,0.079,0.076,0.0171104079707679,0.016019369,1.0378445977629878,0.971666838,6.5987353264357065,6.502395525222633,1.0716,0.010199999999999987,0.013400000000000079,1.1768,0.20856799999999986,0.20667560000000018,1.5647,0.7363999999999999,0.4429360000000002,139.57,8.680000000000007,16.526799999999994,0.0208235,0.01818554,0.008055500000000002,0.034531971,0.01793094244,2.094562538408587,1.1524210365035903,11.20079011356,6.385338458963545,12.922637064350402,7.090262132671959,
TOI-3757 b,0.26838,0.02769,0.02737,1.071,0.036,0.045,74754434.55525024,3.438753,0.03845,0.14,757.7020769,7.1,11.6,2.6,0.64,0.02,0.02,3913.0,56.0,56.0,0.0,0.2,0.2,0.023046049,0.0219859283133512,1.6461463304504236,1.5704234509536574,2.0045538030605545,1.940641231621312,0.94722,0.019750000000000045,0.01653160000000009,0.26839,0.02679999999999999,0.027500000000000024,4.5346,2.5355999999999996,1.1593,65.249,5.242000000000004,8.383999999999993,0.036409,0.052166000000000004,0.021917999999999997,0.04989927399999999,0.051435676000000013,3.5642338571428565,4.023961757545489,4.25864555564616,4.411704314440773,4.25880423533748,4.411567827123952,
TOI-4010 d,0.1200440528634361,0.01028949,-0.010132159,0.5517857142857143,0.0125,-0.013392857,40194717.54198073,14.70886,0.113,0.07,648.8308375,6.1,9.2,3.0,0.88,0.03,-0.03,4960.0,36.0,-36.0,0.37,0.07,-0.07,0.6641771019547531,0.0237134137194402,20.237453467921068,0.7225469009701369,25.383226413372693,2.4675345352083973,0.55256,0.015039999999999942,0.014520000000000088,0.12022,0.010370000000000018,0.009769999999999987,6.00775,2.3291660000000043,1.76255,72.24,6.888000000000005,6.875999999999991,0.75719,0.02303999999999995,0.026129999999999987,0.76058934,0.025764179999999914,23.175131047344355,3.8169902745935125,29.03474416638766,2.6759867236022754,29.077300044626398,2.6946326500129842,
TOI-4127 b,2.3002056010069225,0.110009817,-0.110009817,1.096875,0.039017857,-0.032053571,29528588.55424308,56.39879,0.3081,0.7471,600.6893188,4.8,6.9,2.7,1.23,0.07,-0.07,6096.0,115.0,-115.0,0.14,0.12,-0.12,0.034407852563271,0.0282951487839693,1.7804489789851403,1.4641445196271068,25.25123209320576,20.869787349004383,1.0605,0.012499999999999956,0.020399999999999974,2.2977499999999997,0.11015000000000041,0.10652599999999968,4.3129,1.3958760000000003,0.9968759999999999,139.3,11.780000000000001,13.360000000000014,0.036724,0.035383000000000046,0.0192248,0.05020986399999999,0.034887638000000054,2.598130788005334,1.9427780189696784,36.726777306753476,25.579478493446164,36.68756937190799,25.552453728812306,
TOI-4406 b,0.3,0.03,0.03,1.0,0.02,0.02,75557296.74004279,30.08364,0.201,0.15,759.7283631,2.9,3.6,2.2,1.19,0.03,0.03,6219.0,70.0,70.0,0.1,0.05,0.05,0.0219939620290463,0.018022034,1.2478875023660885,1.0225293363779528,2.146962586881053,1.803904596760776,0.97176,0.01324000000000003,0.022189999999999932,0.29744,0.03421000000000002,0.027859999999999996,3.1106,0.6258000000000004,0.4267999999999996,74.221,2.2989999999999924,4.301000000000002,0.0219445,0.059447820000000075,0.009183499999999999,0.035637277,0.058615550520000066,2.02197823784216,3.333850607483956,3.3997962258,5.602249083440937,3.3707846313398404,5.5577442596526625,
TOI-4515 b,2.005,0.052,0.052,1.086,0.039,0.039,56754275.82279132,15.266446,0.118,0.461,707.2759392,1.2,1.4,1.0,0.95,0.02,0.02,5433.0,70.0,70.0,0.05,0.03,0.03,0.061401985,0.0425333546453166,3.9088983386007823,2.707706587829556,39.14358307304615,27.15591644648967,1.0717,0.023499999999999854,0.029900000000000038,2.0061,0.04479999999999995,0.04960000000000009,1.2307,0.19740000000000002,0.1408999999999998,191.36,7.069999999999993,8.400000000000006,0.06835,0.050030000000000005,0.03765099999999999,0.0813931,0.04932958000000001,5.18154833804384,3.1606915983880026,51.895426629,31.480831400363975,51.92389793538,31.495477904929746,
TOI-4562 b,2.3,0.48,0.47,1.118,0.014,0.013,3797169.225747793,225.11781,0.768,0.76,359.7114197,0.7,,,1.19,0.06,0.06,6096.0,32.0,32.0,0.08,0.06,0.06,0.007996042,0.007260884,0.4750584408244672,0.4313814750978701,7.064145682,6.660485283018417,,,,,,,,,,,,,,,,,,,,,,,,
TOI-4582 b,0.5300473882945248,0.050004468,-0.050004468,0.9407142857142856,0.090089286,-0.120089286,122051315.97068983,31.034,0.2130727046696998,0.51,856.4950435,,,,1.34,0.06,-0.06,5190.0,100.0,-100.0,0.17,0.06,-0.06,0.1922758355967725,0.1356209079993177,9.285315644731822,6.549356214681496,32.55232754440314,23.35554235537913,,,,,,,,,,,,,,,,,,,,,,,,
TOI-5153 b,3.26,0.18,0.17,1.06,0.04,0.04,151673941.8417281,20.33003,0.158,0.091,904.309266,5.4,6.4,4.4,1.24,0.07,0.07,6300.0,80.0,80.0,0.12,0.08,0.08,0.0624102582052771,0.042466875,3.381644451878883,2.301029939414913,64.69110104127475,44.20297068121966,,,,,,,,,,,,,,,,,,,,,,,,
TOI-532 b,0.1935179358086847,0.030522341,-0.029263688,0.5196428571428572,0.016964286,-0.016964286,123307144.81835026,2.3266508,0.0296,0.0,858.6897876,7.1,11.5,2.3,0.64,0.02,-0.02,3927.0,37.0,-37.0,0.338,0.072,-0.066,0.7302651444496706,0.0227839644681867,23.95259308395125,0.7473108005955117,45.02024781878358,7.778556316373958,0.52031,0.01688999999999996,0.016570000000000085,0.192865,0.0291526,0.02860500000000002,6.5741499999999995,3.3983620000000023,2.431278,83.704,9.482320000000016,9.186520000000002,0.832495,0.022965000000000013,0.02399499999999999,0.83484007,0.023659070000000004,27.382635798613734,4.605509862878493,51.37497561041536,8.232807711283057,51.20163477197491,7.874257435981399,
TOI-5398 b,0.184707363,0.017935809,-0.017621145,0.9196428571428572,0.035714286,-0.035714286,178569414.43790084,10.590547,0.098,0.13,941.9785339,0.65,0.8,0.5,1.15,0.01,-0.01,6000.0,75.0,-75.0,0.09,0.06,-0.06,0.2393682220319673,0.052985532,13.89755681910905,3.0763041115680454,14.020239763295912,3.293114623423236,,,,,,,,,,,,,,,,,,,,,,,,
TOI-5542 b,1.3201179987413467,0.1000089364380113,-0.100008936,1.0098214285714286,0.036071429,-0.035,12902128.45336998,75.12375,0.332,0.018,488.3762972,10.8,12.9,7.200000000000001,0.89,0.06,-0.03,5700.0,80.0,-80.0,-0.21,0.08,-0.08,0.059677455,0.042609877,6.913249908101516,4.936080619461668,25.272436870848495,18.333920845497897,0.97954,0.03256000000000003,0.16271000000000002,1.3216,0.11209999999999987,0.08850000000000002,10.091,2.3850000000000016,2.521299999999999,88.7825,25.1075,5.154499999999999,0.091701,0.362189,0.05632216000000002,0.10441718600000001,0.357118354,12.096060470900392,41.429829259091996,43.83407610405431,149.95417461196962,43.88328545959681,150.13185226856987,
WASP-105 b,1.8001699181875397,0.1000094398993077,-0.10000944,0.9608035714285714,0.03,-0.03,117830729.61973764,7.87288,0.075,0.0,848.9925498,,,,0.89,0.09,-0.09,5070.0,130.0,-130.0,0.28,0.16,-0.16,0.1677272197519716,0.054064659,6.287464015199124,2.026681163023428,96.09150567035418,31.743624570745585,,,,,,,,,,,,,,,,,,,,,,,,
WASP-107 b,0.12,0.01,0.01,0.94,0.02,0.02,68011801.00981888,5.72149,0.055,0.0,740.0061113,3.4,4.1,2.7,0.69,0.05,0.05,4430.0,120.0,120.0,0.02,0.1,0.1,0.073040435,0.0321931834308846,4.982362396669118,2.1960179640659256,2.773465486536359,1.2130511081889268,0.94544,0.017120000000000024,0.04338999999999993,0.12203,0.01050000000000001,0.008809999999999998,3.1988,8.9612,0.5320160000000009,59.452,3.530999999999999,21.847,0.14676,0.07571,0.09667600000000001,0.15870536,0.09532253599999999,10.825888725847353,6.963751128607644,6.0561965376,3.67235200312772,6.1586471956944,3.7368071306346735,
WASP-11 b,0.7900745752045312,0.1700160478288231,-0.170016048,1.1108928571428571,0.1000892857142857,-0.100089286,184059264.52292663,3.72247,0.052834545,0.0,949.136463,7.6,13.4,4.6,1.42,0.43,-0.43,4800.0,100.0,-100.0,0.0,,,0.092973863,0.080173182,6.640990247,5.726655884562708,24.71798494984557,22.66032894,0.98245,0.03564999999999996,0.06066160000000009,0.824335,0.125355,0.15923500000000002,7.9187,3.2672999999999996,2.656716000000002,78.374,7.322000000000003,7.832999999999998,0.092113,0.11540700000000001,0.058359,0.104823418,0.11379130200000001,7.487387,8.127950142857143,26.336224948412166,29.145652592819314,27.478256704095543,30.29766084888502,0.0
WASP-130 b,1.23,0.04,0.04,0.89,0.03,0.03,110478667.2938569,11.55098,0.1012,0.0,835.4276484,2.0,,,1.04,0.04,0.04,5625.0,90.0,90.0,0.26,0.1,0.1,0.2650580039436129,0.057205125,10.40430050786648,2.245468175,103.65865807219843,22.778526591795423,0.8904449999999999,0.029285000000000116,0.030164999999999886,1.2312,0.039899999999999824,0.0403,1.9982,0.7201040000000007,0.4999,166.64,15.51000000000002,16.279999999999973,0.357445,0.06220260000000005,0.05656500000000003,0.36644076999999997,0.06133176360000009,14.38387006877577,4.094535314878733,143.3296427778,24.437939851520674,143.469476575632,24.467600344791215,
WASP-132 b,0.41,0.03,0.03,0.87,0.03,0.03,77770379.14642034,7.133521,0.067,0.0,765.2314163,0.5,,,0.8,0.04,0.04,4775.0,100.0,100.0,0.22,0.13,0.13,0.1903646089532126,0.06267607,8.193287141003912,2.6975762046108325,24.87590406552517,8.585377689180687,,,,,,,,,,,,,,,,,,,,,,,,
WASP-139 b,0.117,0.017,0.017,0.8,0.05,0.05,162323559.60631862,5.924262,0.062,0.0,919.7814084,0.5,,,0.92,0.1,0.1,5310.0,90.0,90.0,0.2,0.09,0.09,0.2794145792138095,0.087714697,12.592762922128276,3.9531594633230647,10.50148195882582,3.534231320245478,,,,,,,,,,,,,,,,,,,,,,,,
WASP-148 b,0.287025645,0.022001951,-0.016001416,0.7566071428571429,0.013035714,-0.017053571,143204184.8,8.803809,0.08215,0.208,891.4113608,3.6,7.6,0.8999999999999999,0.95,0.03,-0.05,5555.0,90.0,-90.0,0.099,0.078,-0.078,0.3993581755935649,0.040476595,22.710910404601297,2.3018442369005028,36.46397832219576,4.655116305668117,0.75412,0.014226399999999972,0.015700000000000047,0.2912,0.020089999999999997,0.01783640000000003,2.5453,2.838528,0.9821000000000002,94.6375,19.3925,15.47806,0.4835,0.033492800000000045,0.0330628,0.49073100000000003,0.03302390080000006,27.907148156402947,5.352457772331884,44.791057411285415,4.568830465788585,45.4424757696,4.379564090685621,
WASP-162 b,5.2,0.2,0.2,1.0,0.05,0.05,157152033.29237553,9.62468,0.0871,0.434,912.3663066,12.97,15.32,10.62,0.95,0.04,0.04,5300.0,100.0,100.0,0.28,0.13,0.13,0.0215716386485174,0.011500529613289,0.8086397780395923,0.431111695562679,35.64561092200293,19.063484827406477,,,,,,,,,,,,,,,,,,,,,,,,
WASP-59 b,0.8630459408432977,0.045003147,-0.045003147,0.775625,0.068035714,-0.068035714,43768313.15125047,7.919585,0.0697,0.1,662.7949484,0.5,1.2,0.1,0.72,0.04,-0.04,4650.0,150.0,-150.0,-0.15,0.11,-0.11,0.4167070668050253,0.065718038,42.043884069408605,6.630656842124684,114.16792741499349,19.09423397486015,,,,,,,,,,,,,,,,,,,,,,,,
WASP-69 b,0.26,0.017,0.017,1.057,0.047,0.047,194207741.3745914,3.8681382,0.04525,0.0,961.9574708,2.0,,,0.83,0.03,0.03,4715.0,50.0,50.0,0.144,0.077,0.077,0.0334995,0.0303800286947322,1.7175535623551792,1.5576150832670692,2.7811078837278305,2.538673896358361,0.98532,0.015079999999999982,0.015000000000000013,0.25921,0.01713999999999999,0.017270000000000008,1.5603500000000001,0.7033500000000013,0.4879500000000001,86.74549999999999,7.863500000000002,8.29549999999999,0.06426950000000001,0.05812050000000009,0.043508500000000006,0.077369727,0.057306813000000095,3.966824882701695,3.0211828251843373,6.396929028360001,4.756552569889233,6.37749220554306,4.742802411138838,
WASP-8 b,2.132,0.08,0.081,1.038,0.007,0.047,166092362.11720082,8.158715,0.0801,0.3057,925.074379,4.0,5.0,3.0,1.03,0.05,0.06,5600.0,80.0,80.0,0.17,0.07,0.07,0.070801791,0.0382974743757264,3.419134661797171,1.849447887567092,48.02248790605277,26.12129284715113,1.0197,0.018899999999999917,0.026550000000000074,2.1287,0.0820000000000003,0.07979999999999965,4.4217,0.6938999999999993,0.6372000000000004,142.03,5.840000000000003,8.150000000000006,0.13425,0.06305,0.041361320000000035,0.14637050000000001,0.06216729999999998,7.068471653543719,3.2110717345349573,99.23568610800002,42.31622761227358,99.08208490530001,42.25542795933087,
WASP-80 b,0.538,0.035,0.036,0.999,0.03,0.031,106280539.38375968,3.06785234,0.0344,0.002,827.375535,,,,0.58,0.05,0.05,4143.0,92.0,94.0,-0.13,0.15,0.17,0.044556162,0.034597357,4.2931863173904645,3.333610737972518,7.689752955464345,6.037748210409276,,,,,,,,,,,,,,,,,,,,,,,,
WASP-84 b,0.687,0.033,0.033,0.976,0.025,0.025,94085048.68,8.5234962,0.0775,0.0,802.5449955,2.1,3.7,0.5,0.85,0.06,0.06,5280.0,80.0,80.0,0.09,0.12,0.12,0.1168555873320586,0.0499239801351394,6.784556240555444,2.8985524673008287,25.560565229188924,11.072902564326649,0.976345,0.026254999999999917,0.025442599999999982,0.68755,0.032657600000000064,0.03217760000000003,1.51545,0.7682260000000003,0.6168975999999999,121.6,26.63760000000002,21.25,0.14837,0.048797600000000024,0.05215404000000001,0.16029282,0.05142388344,9.30649254414279,3.9403711992695167,35.01853121412,11.359602793880013,35.046566428338004,11.36592844159397,
Wendelstein-1 b,0.5920558842039018,0.1650155758338577,-0.129012177,1.0322321428571428,0.006071429,-0.006071429,139940386.99846148,2.663416,0.0282,0.012,886.2882774,,,,0.65,0.1,-0.1,4251.0,175.0,-175.0,,,,0.0147283462911926,0.0117029665912705,,,3.636435911913724,3.2205777512093987,,,,,,,,,,,,,,,,,,,,,,,,
HATS-6 b,0.3190301132787917,0.070006608,-0.070006608,0.9988392857142856,0.019017857,-0.019017857,58427243.85042611,3.3252725,0.03623,0.0,712.4314574,8.1,12.4,3.8,0.57,0.02,-0.03,3724.0,18.0,-18.0,0.2,0.091,-0.091,0.015607693,0.0141608721453748,0.7034134738193994,0.6382075917406598,1.9367891948133384,1.903554431552163,0.95712,0.012310000000000043,0.014849999999999919,0.35589,0.07582,0.11481,6.4831,2.6759000000000004,2.4589,62.823,2.961160000000042,5.532000000000004,0.020982,0.03981,0.008917000000000001,0.034688252,0.039252659999999995,1.563343383327125,1.7991268191019876,3.5191778348710416,4.056428653856629,3.9257742373610403,4.619340603382888,
HATS-74 A b,1.460130490874764,0.1400125235997482,-0.140012524,1.032857142857143,0.020982143,-0.020982143,147614130.07394734,1.73185606,0.02384,0.044,898.1962144,11.0,16.1,5.9,0.6,0.01,-0.01,3776.9,9.5,-9.5,0.514,0.033,-0.021,0.032584975,0.0240320254233247,0.7126714330348698,0.5256084505981794,15.49677823782928,11.760112332343802,1.0265,0.016100000000000003,0.02279999999999993,1.4645,0.13270000000000004,0.13151600000000108,10.746,4.119160000000033,2.851400000000001,84.056,6.506,7.349000000000004,0.053464,0.03369,0.02729,0.066715504,0.03321834,1.4591459550588863,0.7349353082706115,30.977442630223774,15.707417362362328,31.070144083343997,15.724228017465066,
HATS-75 b,0.491043896,0.039003493,-0.039003493,0.884732143,0.013035714,-0.013035714,79338144.98117822,2.7886556,0.032742,0.064,769.0591576,14.9,18.2,10.6,0.6,0.01,-0.01,3790.4,5.7,-5.7,0.522,0.051,-0.028,0.1375882412671683,0.0273506492292196,2.954291082810931,0.5872724179246732,21.596786413496982,5.130403912257709,0.8848,0.01322000000000001,0.014210000000000056,0.48554,0.038260000000000016,0.03925000000000001,15.258,2.4120000000000026,2.3139999999999983,57.982,3.0320000000000036,3.387999999999998,0.17832,0.028299999999999992,0.025639999999999996,0.18982352,0.027903800000000006,4.075885608239114,0.7668607173607307,29.641314498608384,4.95264466285667,29.3090779844544,4.916885545435917,
Kepler-45 b,0.5050251730648206,0.090006293,-0.090006293,0.9607142857142856,0.1098214285714285,-0.109821429,88199410.37987703,2.455239,0.03,0.11,789.688217,0.5,,,0.59,0.06,-0.06,3820.0,90.0,-90.0,0.28,0.14,-0.14,0.1798854523007259,0.1331766826477339,6.743230525558969,4.992294041774799,29.39756916282059,22.93791181145685,,,,,,,,,,,,,,,,,,,,,,,,
TIC-6432937 b,3.2,0.11,0.11,1.188,0.03,0.03,131522483.21922375,,0.03418,,872.6482808,7.4,12.5,2.3000000000000007,0.563,0.029,0.029,3572.0,57.0,57.0,0.323,0.081,0.081,0.0121647491376276,0.0118500332839529,0.4130238414194133,0.4023384463183954,12.382334005341772,11.955703018206483,,,,,,,,,,,,,,,,,,,,,,,,
TOI-3235 b,0.665,0.025,0.025,1.017,0.044,0.044,30170052.80322637,2.59261842,0.02709,0.029,603.9253435,,,,0.39,0.02,0.02,3388.8,68.0,68.0,0.264,0.1,0.1,0.055862071,0.045062062,2.172646143246367,1.7526008943973614,11.84214769,9.589283268785517,,,,,,,,,,,,,,,,,,,,,,,,
TOI-3629 b,0.243,0.02,0.02,0.74,0.014,0.014,57890551.81188729,3.9365578,0.04194,0.056,710.7897555,9.8,16.4,5.000000000000001,0.64,0.03,0.03,3865.0,79.0,79.0,0.549,0.093,0.093,0.3628898491941913,0.0321442170313124,7.322287629206084,0.6485968214364207,28.080918514844477,3.774310870474881,0.74098,0.016820000000000057,0.014429999999999943,0.24389,0.017010000000000025,0.020070000000000005,9.92015,4.15085,2.916766000000001,62.711,7.147999999999996,7.0859999999999985,0.42361,0.031200000000000006,0.031430000000000013,0.43167945999999996,0.030989979999999973,8.710304729545898,1.9672532230590267,33.35759859204,3.6431237201016904,33.4797725128092,3.656130538963007,
TOI-3714 b,0.689,0.03,0.03,0.994,0.02,0.02,78842151.23395433,2.15484802,0.0263,0.047,767.8543587,12.5,17.4,6.0,0.52,0.03,0.03,3652.0,81.0,81.0,0.39,0.086,0.086,0.0266894539464129,0.0210866625169609,0.7766255116521275,0.6135921738657953,5.891193783668969,4.688234695452217,0.9822,0.01184800000000008,0.016337999999999964,0.690205,0.029763000000000095,0.02825499999999992,10.3445,4.358100000000002,2.7009,67.0455,6.186499999999995,7.056300000000007,0.040572,0.03344260000000002,0.0209416,0.054003992,0.03297440360000002,1.5714400902493628,1.0087071201140678,11.832382655184,7.243103893355759,11.85307644487848,7.255419543461049,
TOI-3984 A b,0.1384518565135305,0.027375708,-0.025173065,0.7053571428571429,0.021428571,-0.021428571,23288188.28598141,4.353326,0.041,0.23,566.0739418,2.9,5.1,0.6999999999999997,0.49,0.02,-0.02,3476.0,88.0,-88.0,0.18,0.12,-0.12,0.4475973606811028,0.049593427,21.12318882482124,2.3404323211766185,19.87207270861725,4.409415931504895,0.706,0.021145599999999987,0.021425599999999934,0.14046,0.025445600000000013,0.024919999999999998,2.45015,1.5749620000000002,1.1007300000000002,82.0125,11.61318,10.765619999999998,0.529305,0.04269059999999991,0.042590600000000034,0.5358947300000001,0.04209293159999994,25.290152638057126,7.264790208164963,23.594207244052864,5.019842009332456,23.936424060704404,4.7263519190390495,
TOI-4201 b,2.4802216803020767,0.090008055,-0.090008055,1.220982142857143,0.04,-0.04,66559389.09116748,3.5819194,0.04,0.041,736.0233108,1.4,2.0,0.7,0.61,0.02,-0.02,3794.0,79.0,-79.0,0.52,0.08,-0.08,0.016964303,0.015979098,0.3659384043262462,0.3446864526250173,13.401558727343357,12.628260109432237,1.1077,0.014300000000000201,0.016199999999999992,2.486,0.08869999999999978,0.09380000000000033,0.9934799999999999,0.3410040000000001,0.18312359999999994,227.38,13.819999999999993,23.706800000000015,0.0280625,0.03680873999999999,0.013430180000000002,0.041669625,0.036293417640000006,0.8988589693375489,0.8002059492973705,32.865270532548266,28.64983597862584,32.9418387045,28.718598461023838,
TOI-4860 b,0.2728130899937067,0.005978603,-0.005978603,0.7767857142857143,0.035714286,-0.035714286,54721888.481405735,1.5227591,0.01808,0.008,700.8571473,,,,0.34,0.01,-0.01,3260.0,50.0,-50.0,0.27,0.12,-0.12,0.325255061688082,0.073053359,12.476593575490575,2.8022840576850703,28.205060344042742,6.381605832,,,,,,,,,,,,,,,,,,,,,,,,
TOI-5176 A b,0.6167400881057269,0.047199497,0.047199497,0.9419642857142858,0.034821429,0.034821429,4677930.602170231,20.35847252,0.1208,0.042,378.9681234,7.4,11.8,2.6000000000000005,0.562,0.024,0.024,3711.0,88.0,88.0,0.0,1e+20,1e+20,0.085688334,0.054671645,6.120595301415975,3.905117529506247,16.956572322790752,11.05089928304084,0.937055,0.026774999999999993,0.03177259999999993,0.6182399999999999,0.044837600000000144,0.04784759999999988,6.0583,3.0132320000000012,2.183076,79.8905,9.138260000000002,9.067300000000003,0.09945799999999999,0.06155720000000006,0.053887599999999994,0.112065588,0.060695399200000055,8.004684857142857,1.843146802617231e+21,21.978678316123347,12.022036404727094,22.032130461788157,12.05394782570175,
TOI-519 b,0.4630413782252989,0.082007332,-0.088007867,1.0308035714285717,0.03,-0.03,71400506.29320283,1.2652328,0.0159,0.33,749.0564712,5.4,10.0,0.8000000000000007,0.34,0.01,-0.01,3322.0,49.0,-49.0,0.27,0.09,-0.09,0.037620263,0.03141967,1.443091257842097,1.2052401309322296,5.921567353068511,5.219479465476638,1.0023,0.016199999999999992,0.020059999999999967,0.47316,0.08220680000000002,0.08667360000000002,1.16995,1.4407859999999997,0.3595568,110.36500000000001,14.60499999999999,22.894360000000006,0.0518275,0.046778340000000015,0.03107586,0.065101915,0.046123443240000006,2.4972713113995355,1.8434026008969293,9.58607198205259,7.0316917397548035,9.7955518282452,7.168174255603095,
TOI-5205 b,1.079295154185022,0.056639396,-0.053492763,1.0357142857142858,0.026785714,-0.026785714,65552638.77996537,1.630757,0.0199,0.02,733.224186,,,,0.39,0.01,-0.01,3430.0,54.0,-54.0,0.0,,,0.039274667,0.030100759,2.8053333337341178,2.150054204385457,13.551150915816583,10.45575209030673,,,,,,,,,,,,,,,,,,,,,,,,
TOI-5293 A b,0.54,0.07,0.07,1.06,0.04,0.04,47434778.02286115,2.930289,0.034,0.38,676.2596192,2.9,5.1,0.6999999999999997,0.54,0.02,0.02,3586.0,88.0,88.0,-0.03,0.12,0.12,0.040652486,0.0343711763086881,3.1114231448154293,2.6306699256060564,7.213052102038921,6.265049952935881,1.0102,0.018100000000000005,0.022285600000000017,0.5511600000000001,0.06779239999999997,0.06868040000000014,1.128,0.856384000000002,0.3482596,119.03,16.210000000000008,23.136120000000005,0.051955,0.04853060000000001,0.031051360000000004,0.06522763000000001,0.047851171600000006,4.992333198563976,3.9135574429414275,11.200888623600003,8.344300430470337,11.432373655154404,8.5069526128663,
TOI-530 b,0.4,0.09,0.1,0.83,0.06,0.06,23704857.49366988,6.387597,0.052,0.0,568.5891586,,,,0.53,0.02,0.02,3659.0,120.0,120.0,0.376,0.095,0.095,0.2564771735723492,0.1153614511372371,7.707626892476168,3.4668310273218985,33.44619939205392,18.32969804,,,,,,,,,,,,,,,,,,,,,,,,
TOI-5344 b,0.412,0.04,0.04,0.946,0.021,0.021,51530929.15104952,3.792622,0.04041,0.054,690.4086609,10.9,16.7,5.1000000000000005,0.61,0.03,0.03,3747.0,64.0,64.0,0.425,0.088,0.088,0.040244342,0.029026305750834,1.0803806515088226,0.7792265292482993,5.4082490387439535,4.035889429702251,0.93972,0.013619999999999965,0.019199999999999995,0.41262,0.04042000000000001,0.04244999999999999,9.1178,4.4872,2.689700000000001,60.212,6.798999999999992,7.2890000000000015,0.0586085,0.0433415,0.031753500000000004,0.071787981,0.042734719000000004,1.9271863170105819,1.2118752887428257,9.405374118695999,5.672906598360537,9.41952783702996,5.690479866921912,
TOI-6034 b,0.7992448080553807,0.075519194,0.075519194,1.0642857142857145,0.042857143,0.042857143,58776540.31153454,2.576184,0.02949,0.04,713.4938635,7.8,12.0,2.6,0.514,0.025,0.022,3635.0,88.0,88.0,0.0,1e+20,1e+20,0.03741807,0.032337188,2.672719294663574,2.309799144332996,9.747775448768335,8.557929662575543,1.0016,0.016199999999999992,0.02531400000000006,0.812515,0.06993899999999997,0.07310300000000003,5.35655,3.518370000000001,1.9225300000000005,84.6365,8.483100000000007,10.533500000000004,0.043173,0.04635420000000001,0.024550600000000002,0.056568578,0.04570524120000002,4.0406127142857144,9.303854602476497e+20,14.377461240453114,11.695603284939507,14.61617617286706,11.882302596887266,
TOI-6383 b,0.8883715884203901,0.093992149,0.092926279,0.8986272714285716,0.042897007,0.032207299,67929365.22733408,1.79059516,0.02218998,0.0,739.7817725,,,,0.45381898,0.01880934,0.01926119,3450.09,149.5246038,149.7120921,0.2,0.072,0.08,0.2187364375766476,0.072232676,9.85809727102994,3.2554098156934583,62.07100174508128,22.336299279247797,,,,,,,,,,,,,,,,,,,,,,,,
TOI-762 A b,0.251,0.042,0.042,0.744,0.017,0.017,21577444.091526646,,0.03418,,555.3787228,9.3,14.8,3.8000000000000007,0.442,0.025,0.025,3266.0,36.0,36.0,0.357,0.085,0.085,0.34728653520061,0.043037688,10.903348907277218,1.3512039279024406,27.94315623473317,6.822697449139128,0.74534,0.02078000000000002,0.01927000000000001,0.25393,0.03123999999999999,0.04275999999999999,9.177900000000001,6.1372600000000315,3.1483000000000008,64.111,9.024000000000001,9.411000000000001,0.40118,0.04138000000000003,0.04458999999999996,0.40956348,0.043965739999999975,12.85858525882408,2.8703681826975282,32.69053784664,6.499015941013995,33.0721445234952,6.604475599793841,
